,Item,Category,Description,Price,Size,Crust
0,The Unthinkable Pizza,Best Sellers,Loaded with Plant Based Protein topping along with Black Olives & Red Paprika enjoy this unique 100% Vegetarian pizza with a 100% Chicken like taste!,699,Large,New Hand Tossed
1,The Unthinkable Pizza,Best Sellers,Loaded with Plant Based Protein topping along with Black Olives & Red Paprika enjoy this unique 100% Vegetarian pizza with a 100% Chicken like taste!,459,Medium,New Hand Tossed
2,The Unthinkable Pizza,Best Sellers,Loaded with Plant Based Protein topping along with Black Olives & Red Paprika enjoy this unique 100% Vegetarian pizza with a 100% Chicken like taste!,509,Medium,100% Wheat Thin Crust
3,The Unthinkable Pizza,Best Sellers,Loaded with Plant Based Protein topping along with Black Olives & Red Paprika enjoy this unique 100% Vegetarian pizza with a 100% Chicken like taste!,558,Medium,Cheese Burst
4,The Unthinkable Pizza,Best Sellers,Loaded with Plant Based Protein topping along with Black Olives & Red Paprika enjoy this unique 100% Vegetarian pizza with a 100% Chicken like taste!,499,Medium,Fresh Pan Pizza
5,The Unthinkable Pizza,Best Sellers,Loaded with Plant Based Protein topping along with Black Olives & Red Paprika enjoy this unique 100% Vegetarian pizza with a 100% Chicken like taste!,249,Regular,New Hand Tossed
6,The Unthinkable Pizza,Best Sellers,Loaded with Plant Based Protein topping along with Black Olives & Red Paprika enjoy this unique 100% Vegetarian pizza with a 100% Chicken like taste!,279,Regular,100% Wheat Thin Crust
7,The Unthinkable Pizza,Best Sellers,Loaded with Plant Based Protein topping along with Black Olives & Red Paprika enjoy this unique 100% Vegetarian pizza with a 100% Chicken like taste!,324,Regular,Cheese Burst
8,The Unthinkable Pizza,Best Sellers,Loaded with Plant Based Protein topping along with Black Olives & Red Paprika enjoy this unique 100% Vegetarian pizza with a 100% Chicken like taste!,279,Regular,Fresh Pan Pizza
9,Margherita,Best Sellers,A classic delight with 100% Real mozzarella cheese,399,Large,New Hand Tossed
10,Margherita,Best Sellers,A classic delight with 100% Real mozzarella cheese,199,Medium,New Hand Tossed
11,Margherita,Best Sellers,A classic delight with 100% Real mozzarella cheese,249,Medium,100% Wheat Thin Crust
12,Margherita,Best Sellers,A classic delight with 100% Real mozzarella cheese,298,Medium,Cheese Burst
13,Margherita,Best Sellers,A classic delight with 100% Real mozzarella cheese,239,Medium,Fresh Pan Pizza
14,Margherita,Best Sellers,A classic delight with 100% Real mozzarella cheese,99,Regular,New Hand Tossed
15,Margherita,Best Sellers,A classic delight with 100% Real mozzarella cheese,129,Regular,100% Wheat Thin Crust
16,Margherita,Best Sellers,A classic delight with 100% Real mozzarella cheese,174,Regular,Cheese Burst
17,Margherita,Best Sellers,A classic delight with 100% Real mozzarella cheese,129,Regular,Fresh Pan Pizza
18,Farmhouse,Best Sellers,"Delightful combination of onion, capsicum, tomato & grilled mushroom",599,Large,New Hand Tossed
19,Farmhouse,Best Sellers,"Delightful combination of onion, capsicum, tomato & grilled mushroom",399,Medium,New Hand Tossed
20,Farmhouse,Best Sellers,"Delightful combination of onion, capsicum, tomato & grilled mushroom",449,Medium,100% Wheat Thin Crust
21,Farmhouse,Best Sellers,"Delightful combination of onion, capsicum, tomato & grilled mushroom",498,Medium,Cheese Burst
22,Farmhouse,Best Sellers,"Delightful combination of onion, capsicum, tomato & grilled mushroom",439,Medium,Fresh Pan Pizza
23,Farmhouse,Best Sellers,"Delightful combination of onion, capsicum, tomato & grilled mushroom",229,Regular,New Hand Tossed
24,Farmhouse,Best Sellers,"Delightful combination of onion, capsicum, tomato & grilled mushroom",259,Regular,100% Wheat Thin Crust
25,Farmhouse,Best Sellers,"Delightful combination of onion, capsicum, tomato & grilled mushroom",304,Regular,Cheese Burst
26,Farmhouse,Best Sellers,"Delightful combination of onion, capsicum, tomato & grilled mushroom",259,Regular,Fresh Pan Pizza
27,Veg Extravaganza,Best Sellers,"Black olives, capsicum, onion, grilled mushroom, corn, tomato, jalapeno & extra cheese",699,Large,New Hand Tossed
28,Veg Extravaganza,Best Sellers,"Black olives, capsicum, onion, grilled mushroom, corn, tomato, jalapeno & extra cheese",459,Medium,New Hand Tossed
29,Veg Extravaganza,Best Sellers,"Black olives, capsicum, onion, grilled mushroom, corn, tomato, jalapeno & extra cheese",509,Medium,100% Wheat Thin Crust
30,Veg Extravaganza,Best Sellers,"Black olives, capsicum, onion, grilled mushroom, corn, tomato, jalapeno & extra cheese",558,Medium,Cheese Burst
31,Veg Extravaganza,Best Sellers,"Black olives, capsicum, onion, grilled mushroom, corn, tomato, jalapeno & extra cheese",499,Medium,Fresh Pan Pizza
32,Veg Extravaganza,Best Sellers,"Black olives, capsicum, onion, grilled mushroom, corn, tomato, jalapeno & extra cheese",249,Regular,New Hand Tossed
33,Veg Extravaganza,Best Sellers,"Black olives, capsicum, onion, grilled mushroom, corn, tomato, jalapeno & extra cheese",279,Regular,100% Wheat Thin Crust
34,Veg Extravaganza,Best Sellers,"Black olives, capsicum, onion, grilled mushroom, corn, tomato, jalapeno & extra cheese",324,Regular,Cheese Burst
35,Veg Extravaganza,Best Sellers,"Black olives, capsicum, onion, grilled mushroom, corn, tomato, jalapeno & extra cheese",279,Regular,Fresh Pan Pizza
36,Veggie Paradise,Best Sellers,"The awesome foursome! Golden corn, black olives, capsicum, red paprika",599,Large,New Hand Tossed
37,Veggie Paradise,Best Sellers,"The awesome foursome! Golden corn, black olives, capsicum, red paprika",399,Medium,New Hand Tossed
38,Veggie Paradise,Best Sellers,"The awesome foursome! Golden corn, black olives, capsicum, red paprika",449,Medium,100% Wheat Thin Crust
39,Veggie Paradise,Best Sellers,"The awesome foursome! Golden corn, black olives, capsicum, red paprika",498,Medium,Cheese Burst
40,Veggie Paradise,Best Sellers,"The awesome foursome! Golden corn, black olives, capsicum, red paprika",439,Medium,Fresh Pan Pizza
41,Veggie Paradise,Best Sellers,"The awesome foursome! Golden corn, black olives, capsicum, red paprika",229,Regular,New Hand Tossed
42,Veggie Paradise,Best Sellers,"The awesome foursome! Golden corn, black olives, capsicum, red paprika",259,Regular,100% Wheat Thin Crust
43,Veggie Paradise,Best Sellers,"The awesome foursome! Golden corn, black olives, capsicum, red paprika",304,Regular,Cheese Burst
44,Veggie Paradise,Best Sellers,"The awesome foursome! Golden corn, black olives, capsicum, red paprika",259,Regular,Fresh Pan Pizza
45,Cheese n Corn,Best Sellers,Sweet & Juicy Golden corn and 100% real mozzarella cheese in a delectable combination !,499,Large,New Hand Tossed
46,Cheese n Corn,Best Sellers,Sweet & Juicy Golden corn and 100% real mozzarella cheese in a delectable combination !,309,Medium,New Hand Tossed
47,Cheese n Corn,Best Sellers,Sweet & Juicy Golden corn and 100% real mozzarella cheese in a delectable combination !,359,Medium,100% Wheat Thin Crust
48,Cheese n Corn,Best Sellers,Sweet & Juicy Golden corn and 100% real mozzarella cheese in a delectable combination !,408,Medium,Cheese Burst
49,Cheese n Corn,Best Sellers,Sweet & Juicy Golden corn and 100% real mozzarella cheese in a delectable combination !,349,Medium,Fresh Pan Pizza
50,Cheese n Corn,Best Sellers,Sweet & Juicy Golden corn and 100% real mozzarella cheese in a delectable combination !,169,Regular,New Hand Tossed
51,Cheese n Corn,Best Sellers,Sweet & Juicy Golden corn and 100% real mozzarella cheese in a delectable combination !,199,Regular,100% Wheat Thin Crust
52,Cheese n Corn,Best Sellers,Sweet & Juicy Golden corn and 100% real mozzarella cheese in a delectable combination !,244,Regular,Cheese Burst
53,Cheese n Corn,Best Sellers,Sweet & Juicy Golden corn and 100% real mozzarella cheese in a delectable combination !,199,Regular,Fresh Pan Pizza
54,Pepper Barbecue Chicken,Best Sellers,Pepper barbecue chicken for that extra zing,599,Large,New Hand Tossed
55,Pepper Barbecue Chicken,Best Sellers,Pepper barbecue chicken for that extra zing,399,Medium,New Hand Tossed
56,Pepper Barbecue Chicken,Best Sellers,Pepper barbecue chicken for that extra zing,449,Medium,100% Wheat Thin Crust
57,Pepper Barbecue Chicken,Best Sellers,Pepper barbecue chicken for that extra zing,498,Medium,Cheese Burst
58,Pepper Barbecue Chicken,Best Sellers,Pepper barbecue chicken for that extra zing,439,Medium,Fresh Pan Pizza
59,Pepper Barbecue Chicken,Best Sellers,Pepper barbecue chicken for that extra zing,229,Regular,New Hand Tossed
60,Pepper Barbecue Chicken,Best Sellers,Pepper barbecue chicken for that extra zing,259,Regular,100% Wheat Thin Crust
61,Pepper Barbecue Chicken,Best Sellers,Pepper barbecue chicken for that extra zing,304,Regular,Cheese Burst
62,Pepper Barbecue Chicken,Best Sellers,Pepper barbecue chicken for that extra zing,259,Regular,Fresh Pan Pizza
63,Chicken Sausage,Best Sellers,"American classic! Spicy, herbed chicken sausage on pizza",539,Large,New Hand Tossed
64,Chicken Sausage,Best Sellers,"American classic! Spicy, herbed chicken sausage on pizza",339,Medium,New Hand Tossed
65,Chicken Sausage,Best Sellers,"American classic! Spicy, herbed chicken sausage on pizza",389,Medium,100% Wheat Thin Crust
66,Chicken Sausage,Best Sellers,"American classic! Spicy, herbed chicken sausage on pizza",438,Medium,Cheese Burst
67,Chicken Sausage,Best Sellers,"American classic! Spicy, herbed chicken sausage on pizza",379,Medium,Fresh Pan Pizza
68,Chicken Sausage,Best Sellers,"American classic! Spicy, herbed chicken sausage on pizza",189,Regular,New Hand Tossed
69,Chicken Sausage,Best Sellers,"American classic! Spicy, herbed chicken sausage on pizza",219,Regular,100% Wheat Thin Crust
70,Chicken Sausage,Best Sellers,"American classic! Spicy, herbed chicken sausage on pizza",264,Regular,Cheese Burst
71,Chicken Sausage,Best Sellers,"American classic! Spicy, herbed chicken sausage on pizza",219,Regular,Fresh Pan Pizza
72,The Unthinkable Pizza,Veg Pizza,Loaded with Plant Based Protein topping along with Black Olives & Red Paprika enjoy this unique 100% Vegetarian pizza with a 100% Chicken like taste!,699,Large,New Hand Tossed
73,The Unthinkable Pizza,Veg Pizza,Loaded with Plant Based Protein topping along with Black Olives & Red Paprika enjoy this unique 100% Vegetarian pizza with a 100% Chicken like taste!,459,Medium,New Hand Tossed
74,The Unthinkable Pizza,Veg Pizza,Loaded with Plant Based Protein topping along with Black Olives & Red Paprika enjoy this unique 100% Vegetarian pizza with a 100% Chicken like taste!,509,Medium,100% Wheat Thin Crust
75,The Unthinkable Pizza,Veg Pizza,Loaded with Plant Based Protein topping along with Black Olives & Red Paprika enjoy this unique 100% Vegetarian pizza with a 100% Chicken like taste!,558,Medium,Cheese Burst
76,The Unthinkable Pizza,Veg Pizza,Loaded with Plant Based Protein topping along with Black Olives & Red Paprika enjoy this unique 100% Vegetarian pizza with a 100% Chicken like taste!,499,Medium,Fresh Pan Pizza
77,The Unthinkable Pizza,Veg Pizza,Loaded with Plant Based Protein topping along with Black Olives & Red Paprika enjoy this unique 100% Vegetarian pizza with a 100% Chicken like taste!,249,Regular,New Hand Tossed
78,The Unthinkable Pizza,Veg Pizza,Loaded with Plant Based Protein topping along with Black Olives & Red Paprika enjoy this unique 100% Vegetarian pizza with a 100% Chicken like taste!,279,Regular,100% Wheat Thin Crust
79,The Unthinkable Pizza,Veg Pizza,Loaded with Plant Based Protein topping along with Black Olives & Red Paprika enjoy this unique 100% Vegetarian pizza with a 100% Chicken like taste!,324,Regular,Cheese Burst
80,The Unthinkable Pizza,Veg Pizza,Loaded with Plant Based Protein topping along with Black Olives & Red Paprika enjoy this unique 100% Vegetarian pizza with a 100% Chicken like taste!,279,Regular,Fresh Pan Pizza
81,The Cheese Dominator,Veg Pizza,Loaded with 1 Pound of Mozzarella and gooey Liquid Cheese on a Classic Large Pizza topped with a generous helping of herb sprinkle,839,Large,New Hand Tossed
82,The Cheese Dominator,Veg Pizza,Loaded with 1 Pound of Mozzarella and gooey Liquid Cheese on a Classic Large Pizza topped with a generous helping of herb sprinkle,579,Medium,New Hand Tossed
83,The Cheese Dominator,Veg Pizza,Loaded with 1 Pound of Mozzarella and gooey Liquid Cheese on a Classic Large Pizza topped with a generous helping of herb sprinkle,629,Medium,100% Wheat Thin Crust
84,The Cheese Dominator,Veg Pizza,Loaded with 1 Pound of Mozzarella and gooey Liquid Cheese on a Classic Large Pizza topped with a generous helping of herb sprinkle,619,Medium,Fresh Pan Pizza
85,The Cheese Dominator,Veg Pizza,Loaded with 1 Pound of Mozzarella and gooey Liquid Cheese on a Classic Large Pizza topped with a generous helping of herb sprinkle,319,Regular,New Hand Tossed
86,The Cheese Dominator,Veg Pizza,Loaded with 1 Pound of Mozzarella and gooey Liquid Cheese on a Classic Large Pizza topped with a generous helping of herb sprinkle,349,Regular,100% Wheat Thin Crust
87,The Cheese Dominator,Veg Pizza,Loaded with 1 Pound of Mozzarella and gooey Liquid Cheese on a Classic Large Pizza topped with a generous helping of herb sprinkle,349,Regular,Fresh Pan Pizza
88,The 4 Cheese Pizza,Veg Pizza,"Cheese Overloaded pizza with 4 different varieties of cheese and 4 times the cheese of a normal pizza, including a spicy hit of Ghost Pepper flavoured Cheese",839,Large,New Hand Tossed
89,The 4 Cheese Pizza,Veg Pizza,"Cheese Overloaded pizza with 4 different varieties of cheese and 4 times the cheese of a normal pizza, including a spicy hit of Ghost Pepper flavoured Cheese",579,Medium,New Hand Tossed
90,The 4 Cheese Pizza,Veg Pizza,"Cheese Overloaded pizza with 4 different varieties of cheese and 4 times the cheese of a normal pizza, including a spicy hit of Ghost Pepper flavoured Cheese",629,Medium,100% Wheat Thin Crust
91,The 4 Cheese Pizza,Veg Pizza,"Cheese Overloaded pizza with 4 different varieties of cheese and 4 times the cheese of a normal pizza, including a spicy hit of Ghost Pepper flavoured Cheese",619,Medium,Fresh Pan Pizza
92,The 4 Cheese Pizza,Veg Pizza,"Cheese Overloaded pizza with 4 different varieties of cheese and 4 times the cheese of a normal pizza, including a spicy hit of Ghost Pepper flavoured Cheese",319,Regular,New Hand Tossed
93,The 4 Cheese Pizza,Veg Pizza,"Cheese Overloaded pizza with 4 different varieties of cheese and 4 times the cheese of a normal pizza, including a spicy hit of Ghost Pepper flavoured Cheese",349,Regular,100% Wheat Thin Crust
94,The 4 Cheese Pizza,Veg Pizza,"Cheese Overloaded pizza with 4 different varieties of cheese and 4 times the cheese of a normal pizza, including a spicy hit of Ghost Pepper flavoured Cheese",349,Regular,Fresh Pan Pizza
95,Margherita,Veg Pizza,A classic delight with 100% Real mozzarella cheese,399,Large,New Hand Tossed
96,Margherita,Veg Pizza,A classic delight with 100% Real mozzarella cheese,199,Medium,New Hand Tossed
97,Margherita,Veg Pizza,A classic delight with 100% Real mozzarella cheese,249,Medium,100% Wheat Thin Crust
98,Margherita,Veg Pizza,A classic delight with 100% Real mozzarella cheese,298,Medium,Cheese Burst
99,Margherita,Veg Pizza,A classic delight with 100% Real mozzarella cheese,239,Medium,Fresh Pan Pizza
100,Margherita,Veg Pizza,A classic delight with 100% Real mozzarella cheese,99,Regular,New Hand Tossed
101,Margherita,Veg Pizza,A classic delight with 100% Real mozzarella cheese,129,Regular,100% Wheat Thin Crust
102,Margherita,Veg Pizza,A classic delight with 100% Real mozzarella cheese,174,Regular,Cheese Burst
103,Margherita,Veg Pizza,A classic delight with 100% Real mozzarella cheese,129,Regular,Fresh Pan Pizza
104,Double Cheese Margherita,Veg Pizza,A classic delight loaded with extra 100% real mozzarella cheese,539,Large,New Hand Tossed
105,Double Cheese Margherita,Veg Pizza,A classic delight loaded with extra 100% real mozzarella cheese,339,Medium,New Hand Tossed
106,Double Cheese Margherita,Veg Pizza,A classic delight loaded with extra 100% real mozzarella cheese,389,Medium,100% Wheat Thin Crust
107,Double Cheese Margherita,Veg Pizza,A classic delight loaded with extra 100% real mozzarella cheese,438,Medium,Cheese Burst
108,Double Cheese Margherita,Veg Pizza,A classic delight loaded with extra 100% real mozzarella cheese,379,Medium,Fresh Pan Pizza
109,Double Cheese Margherita,Veg Pizza,A classic delight loaded with extra 100% real mozzarella cheese,189,Regular,New Hand Tossed
110,Double Cheese Margherita,Veg Pizza,A classic delight loaded with extra 100% real mozzarella cheese,219,Regular,100% Wheat Thin Crust
111,Double Cheese Margherita,Veg Pizza,A classic delight loaded with extra 100% real mozzarella cheese,264,Regular,Cheese Burst
112,Double Cheese Margherita,Veg Pizza,A classic delight loaded with extra 100% real mozzarella cheese,219,Regular,Fresh Pan Pizza
113,Farmhouse,Veg Pizza,"Delightful combination of onion, capsicum, tomato & grilled mushroom",599,Large,New Hand Tossed
114,Farmhouse,Veg Pizza,"Delightful combination of onion, capsicum, tomato & grilled mushroom",399,Medium,New Hand Tossed
115,Farmhouse,Veg Pizza,"Delightful combination of onion, capsicum, tomato & grilled mushroom",449,Medium,100% Wheat Thin Crust
116,Farmhouse,Veg Pizza,"Delightful combination of onion, capsicum, tomato & grilled mushroom",498,Medium,Cheese Burst
117,Farmhouse,Veg Pizza,"Delightful combination of onion, capsicum, tomato & grilled mushroom",439,Medium,Fresh Pan Pizza
118,Farmhouse,Veg Pizza,"Delightful combination of onion, capsicum, tomato & grilled mushroom",229,Regular,New Hand Tossed
119,Farmhouse,Veg Pizza,"Delightful combination of onion, capsicum, tomato & grilled mushroom",259,Regular,100% Wheat Thin Crust
120,Farmhouse,Veg Pizza,"Delightful combination of onion, capsicum, tomato & grilled mushroom",304,Regular,Cheese Burst
121,Farmhouse,Veg Pizza,"Delightful combination of onion, capsicum, tomato & grilled mushroom",259,Regular,Fresh Pan Pizza
122,Mexican Green Wave,Veg Pizza,"Mexican herbs sprinkled on onion, capsicum, tomato & jalapeno",599,Large,New Hand Tossed
123,Mexican Green Wave,Veg Pizza,"Mexican herbs sprinkled on onion, capsicum, tomato & jalapeno",399,Medium,New Hand Tossed
124,Mexican Green Wave,Veg Pizza,"Mexican herbs sprinkled on onion, capsicum, tomato & jalapeno",449,Medium,100% Wheat Thin Crust
125,Mexican Green Wave,Veg Pizza,"Mexican herbs sprinkled on onion, capsicum, tomato & jalapeno",498,Medium,Cheese Burst
126,Mexican Green Wave,Veg Pizza,"Mexican herbs sprinkled on onion, capsicum, tomato & jalapeno",439,Medium,Fresh Pan Pizza
127,Mexican Green Wave,Veg Pizza,"Mexican herbs sprinkled on onion, capsicum, tomato & jalapeno",229,Regular,New Hand Tossed
128,Mexican Green Wave,Veg Pizza,"Mexican herbs sprinkled on onion, capsicum, tomato & jalapeno",259,Regular,100% Wheat Thin Crust
129,Mexican Green Wave,Veg Pizza,"Mexican herbs sprinkled on onion, capsicum, tomato & jalapeno",304,Regular,Cheese Burst
130,Mexican Green Wave,Veg Pizza,"Mexican herbs sprinkled on onion, capsicum, tomato & jalapeno",259,Regular,Fresh Pan Pizza
131,Deluxe Veggie,Veg Pizza,"Veg delight - onion, capsicum, grilled mushroom, corn & paneer",699,Large,New Hand Tossed
132,Deluxe Veggie,Veg Pizza,"Veg delight - onion, capsicum, grilled mushroom, corn & paneer",459,Medium,New Hand Tossed
133,Deluxe Veggie,Veg Pizza,"Veg delight - onion, capsicum, grilled mushroom, corn & paneer",509,Medium,100% Wheat Thin Crust
134,Deluxe Veggie,Veg Pizza,"Veg delight - onion, capsicum, grilled mushroom, corn & paneer",558,Medium,Cheese Burst
135,Deluxe Veggie,Veg Pizza,"Veg delight - onion, capsicum, grilled mushroom, corn & paneer",499,Medium,Fresh Pan Pizza
136,Deluxe Veggie,Veg Pizza,"Veg delight - onion, capsicum, grilled mushroom, corn & paneer",249,Regular,New Hand Tossed
137,Deluxe Veggie,Veg Pizza,"Veg delight - onion, capsicum, grilled mushroom, corn & paneer",279,Regular,100% Wheat Thin Crust
138,Deluxe Veggie,Veg Pizza,"Veg delight - onion, capsicum, grilled mushroom, corn & paneer",324,Regular,Cheese Burst
139,Deluxe Veggie,Veg Pizza,"Veg delight - onion, capsicum, grilled mushroom, corn & paneer",279,Regular,Fresh Pan Pizza
140,Veg Extravaganza,Veg Pizza,"Black olives, capsicum, onion, grilled mushroom, corn, tomato, jalapeno & extra cheese",699,Large,New Hand Tossed
141,Veg Extravaganza,Veg Pizza,"Black olives, capsicum, onion, grilled mushroom, corn, tomato, jalapeno & extra cheese",459,Medium,New Hand Tossed
142,Veg Extravaganza,Veg Pizza,"Black olives, capsicum, onion, grilled mushroom, corn, tomato, jalapeno & extra cheese",509,Medium,100% Wheat Thin Crust
143,Veg Extravaganza,Veg Pizza,"Black olives, capsicum, onion, grilled mushroom, corn, tomato, jalapeno & extra cheese",558,Medium,Cheese Burst
144,Veg Extravaganza,Veg Pizza,"Black olives, capsicum, onion, grilled mushroom, corn, tomato, jalapeno & extra cheese",499,Medium,Fresh Pan Pizza
145,Veg Extravaganza,Veg Pizza,"Black olives, capsicum, onion, grilled mushroom, corn, tomato, jalapeno & extra cheese",249,Regular,New Hand Tossed
146,Veg Extravaganza,Veg Pizza,"Black olives, capsicum, onion, grilled mushroom, corn, tomato, jalapeno & extra cheese",279,Regular,100% Wheat Thin Crust
147,Veg Extravaganza,Veg Pizza,"Black olives, capsicum, onion, grilled mushroom, corn, tomato, jalapeno & extra cheese",324,Regular,Cheese Burst
148,Veg Extravaganza,Veg Pizza,"Black olives, capsicum, onion, grilled mushroom, corn, tomato, jalapeno & extra cheese",279,Regular,Fresh Pan Pizza
149,Veggie Paradise,Veg Pizza,"The awesome foursome! Golden corn, black olives, capsicum, red paprika",599,Large,New Hand Tossed
150,Veggie Paradise,Veg Pizza,"The awesome foursome! Golden corn, black olives, capsicum, red paprika",399,Medium,New Hand Tossed
151,Veggie Paradise,Veg Pizza,"The awesome foursome! Golden corn, black olives, capsicum, red paprika",449,Medium,100% Wheat Thin Crust
152,Veggie Paradise,Veg Pizza,"The awesome foursome! Golden corn, black olives, capsicum, red paprika",498,Medium,Cheese Burst
153,Veggie Paradise,Veg Pizza,"The awesome foursome! Golden corn, black olives, capsicum, red paprika",439,Medium,Fresh Pan Pizza
154,Veggie Paradise,Veg Pizza,"The awesome foursome! Golden corn, black olives, capsicum, red paprika",229,Regular,New Hand Tossed
155,Veggie Paradise,Veg Pizza,"The awesome foursome! Golden corn, black olives, capsicum, red paprika",259,Regular,100% Wheat Thin Crust
156,Veggie Paradise,Veg Pizza,"The awesome foursome! Golden corn, black olives, capsicum, red paprika",304,Regular,Cheese Burst
157,Veggie Paradise,Veg Pizza,"The awesome foursome! Golden corn, black olives, capsicum, red paprika",259,Regular,Fresh Pan Pizza
158,Cheese n Corn,Veg Pizza,Sweet & Juicy Golden corn and 100% real mozzarella cheese in a delectable combination !,499,Large,New Hand Tossed
159,Cheese n Corn,Veg Pizza,Sweet & Juicy Golden corn and 100% real mozzarella cheese in a delectable combination !,309,Medium,New Hand Tossed
160,Cheese n Corn,Veg Pizza,Sweet & Juicy Golden corn and 100% real mozzarella cheese in a delectable combination !,359,Medium,100% Wheat Thin Crust
161,Cheese n Corn,Veg Pizza,Sweet & Juicy Golden corn and 100% real mozzarella cheese in a delectable combination !,408,Medium,Cheese Burst
162,Cheese n Corn,Veg Pizza,Sweet & Juicy Golden corn and 100% real mozzarella cheese in a delectable combination !,349,Medium,Fresh Pan Pizza
163,Cheese n Corn,Veg Pizza,Sweet & Juicy Golden corn and 100% real mozzarella cheese in a delectable combination !,169,Regular,New Hand Tossed
164,Cheese n Corn,Veg Pizza,Sweet & Juicy Golden corn and 100% real mozzarella cheese in a delectable combination !,199,Regular,100% Wheat Thin Crust
165,Cheese n Corn,Veg Pizza,Sweet & Juicy Golden corn and 100% real mozzarella cheese in a delectable combination !,244,Regular,Cheese Burst
166,Cheese n Corn,Veg Pizza,Sweet & Juicy Golden corn and 100% real mozzarella cheese in a delectable combination !,199,Regular,Fresh Pan Pizza
167,Fresh Veggie,Veg Pizza,"Delectable combination of onion & capsicum, a veggie lovers pick",539,Large,New Hand Tossed
168,Fresh Veggie,Veg Pizza,"Delectable combination of onion & capsicum, a veggie lovers pick",339,Medium,New Hand Tossed
169,Fresh Veggie,Veg Pizza,"Delectable combination of onion & capsicum, a veggie lovers pick",389,Medium,100% Wheat Thin Crust
170,Fresh Veggie,Veg Pizza,"Delectable combination of onion & capsicum, a veggie lovers pick",438,Medium,Cheese Burst
171,Fresh Veggie,Veg Pizza,"Delectable combination of onion & capsicum, a veggie lovers pick",379,Medium,Fresh Pan Pizza
172,Fresh Veggie,Veg Pizza,"Delectable combination of onion & capsicum, a veggie lovers pick",189,Regular,New Hand Tossed
173,Fresh Veggie,Veg Pizza,"Delectable combination of onion & capsicum, a veggie lovers pick",219,Regular,100% Wheat Thin Crust
174,Fresh Veggie,Veg Pizza,"Delectable combination of onion & capsicum, a veggie lovers pick",264,Regular,Cheese Burst
175,Fresh Veggie,Veg Pizza,"Delectable combination of onion & capsicum, a veggie lovers pick",219,Regular,Fresh Pan Pizza
176,Paneer Makhani,Veg Pizza,Flavorful twist of spicy makhani sauce topped with paneer & capsicum,699,Large,New Hand Tossed
177,Paneer Makhani,Veg Pizza,Flavorful twist of spicy makhani sauce topped with paneer & capsicum,459,Medium,New Hand Tossed
178,Paneer Makhani,Veg Pizza,Flavorful twist of spicy makhani sauce topped with paneer & capsicum,509,Medium,100% Wheat Thin Crust
179,Paneer Makhani,Veg Pizza,Flavorful twist of spicy makhani sauce topped with paneer & capsicum,558,Medium,Cheese Burst
180,Paneer Makhani,Veg Pizza,Flavorful twist of spicy makhani sauce topped with paneer & capsicum,499,Medium,Fresh Pan Pizza
181,Paneer Makhani,Veg Pizza,Flavorful twist of spicy makhani sauce topped with paneer & capsicum,249,Regular,New Hand Tossed
182,Paneer Makhani,Veg Pizza,Flavorful twist of spicy makhani sauce topped with paneer & capsicum,279,Regular,100% Wheat Thin Crust
183,Paneer Makhani,Veg Pizza,Flavorful twist of spicy makhani sauce topped with paneer & capsicum,324,Regular,Cheese Burst
184,Paneer Makhani,Veg Pizza,Flavorful twist of spicy makhani sauce topped with paneer & capsicum,279,Regular,Fresh Pan Pizza
185,Indi Tandoori Paneer,Veg Pizza,"It is hot. It is spicy. It is oh-so-Indian. Tandoori paneer with capsicum, red paprika & mint mayo",699,Large,New Hand Tossed
186,Indi Tandoori Paneer,Veg Pizza,"It is hot. It is spicy. It is oh-so-Indian. Tandoori paneer with capsicum, red paprika & mint mayo",459,Medium,New Hand Tossed
187,Indi Tandoori Paneer,Veg Pizza,"It is hot. It is spicy. It is oh-so-Indian. Tandoori paneer with capsicum, red paprika & mint mayo",509,Medium,100% Wheat Thin Crust
188,Indi Tandoori Paneer,Veg Pizza,"It is hot. It is spicy. It is oh-so-Indian. Tandoori paneer with capsicum, red paprika & mint mayo",558,Medium,Cheese Burst
189,Indi Tandoori Paneer,Veg Pizza,"It is hot. It is spicy. It is oh-so-Indian. Tandoori paneer with capsicum, red paprika & mint mayo",499,Medium,Fresh Pan Pizza
190,Indi Tandoori Paneer,Veg Pizza,"It is hot. It is spicy. It is oh-so-Indian. Tandoori paneer with capsicum, red paprika & mint mayo",249,Regular,New Hand Tossed
191,Indi Tandoori Paneer,Veg Pizza,"It is hot. It is spicy. It is oh-so-Indian. Tandoori paneer with capsicum, red paprika & mint mayo",279,Regular,100% Wheat Thin Crust
192,Indi Tandoori Paneer,Veg Pizza,"It is hot. It is spicy. It is oh-so-Indian. Tandoori paneer with capsicum, red paprika & mint mayo",324,Regular,Cheese Burst
193,Indi Tandoori Paneer,Veg Pizza,"It is hot. It is spicy. It is oh-so-Indian. Tandoori paneer with capsicum, red paprika & mint mayo",279,Regular,Fresh Pan Pizza
194,Cheese n Tomato,Veg Pizza,A delectable combination of cheese and juicy tomato,499,Large,New Hand Tossed
195,Cheese n Tomato,Veg Pizza,A delectable combination of cheese and juicy tomato,309,Medium,New Hand Tossed
196,Cheese n Tomato,Veg Pizza,A delectable combination of cheese and juicy tomato,359,Medium,100% Wheat Thin Crust
197,Cheese n Tomato,Veg Pizza,A delectable combination of cheese and juicy tomato,408,Medium,Cheese Burst
198,Cheese n Tomato,Veg Pizza,A delectable combination of cheese and juicy tomato,349,Medium,Fresh Pan Pizza
199,Cheese n Tomato,Veg Pizza,A delectable combination of cheese and juicy tomato,169,Regular,New Hand Tossed
200,Cheese n Tomato,Veg Pizza,A delectable combination of cheese and juicy tomato,199,Regular,100% Wheat Thin Crust
201,Cheese n Tomato,Veg Pizza,A delectable combination of cheese and juicy tomato,244,Regular,Cheese Burst
202,Cheese n Tomato,Veg Pizza,A delectable combination of cheese and juicy tomato,199,Regular,Fresh Pan Pizza
203,Achari Do Pyaza,Veg Pizza,Tangy & spicy achari flavours on a super cheesy onion pizza- as desi as it gets!,499,Large,New Hand Tossed
204,Achari Do Pyaza,Veg Pizza,Tangy & spicy achari flavours on a super cheesy onion pizza- as desi as it gets!,309,Medium,New Hand Tossed
205,Achari Do Pyaza,Veg Pizza,Tangy & spicy achari flavours on a super cheesy onion pizza- as desi as it gets!,359,Medium,100% Wheat Thin Crust
206,Achari Do Pyaza,Veg Pizza,Tangy & spicy achari flavours on a super cheesy onion pizza- as desi as it gets!,408,Medium,Cheese Burst
207,Achari Do Pyaza,Veg Pizza,Tangy & spicy achari flavours on a super cheesy onion pizza- as desi as it gets!,349,Medium,Fresh Pan Pizza
208,Achari Do Pyaza,Veg Pizza,Tangy & spicy achari flavours on a super cheesy onion pizza- as desi as it gets!,169,Regular,New Hand Tossed
209,Achari Do Pyaza,Veg Pizza,Tangy & spicy achari flavours on a super cheesy onion pizza- as desi as it gets!,199,Regular,100% Wheat Thin Crust
210,Achari Do Pyaza,Veg Pizza,Tangy & spicy achari flavours on a super cheesy onion pizza- as desi as it gets!,244,Regular,Cheese Burst
211,Achari Do Pyaza,Veg Pizza,Tangy & spicy achari flavours on a super cheesy onion pizza- as desi as it gets!,199,Regular,Fresh Pan Pizza
212,Kadhai Paneer,Veg Pizza,"Paneer chunks in your favourite spicy kadhai masala flavors, with toppings of onion & capsicum",699,Large,New Hand Tossed
213,Kadhai Paneer,Veg Pizza,"Paneer chunks in your favourite spicy kadhai masala flavors, with toppings of onion & capsicum",459,Medium,New Hand Tossed
214,Kadhai Paneer,Veg Pizza,"Paneer chunks in your favourite spicy kadhai masala flavors, with toppings of onion & capsicum",509,Medium,100% Wheat Thin Crust
215,Kadhai Paneer,Veg Pizza,"Paneer chunks in your favourite spicy kadhai masala flavors, with toppings of onion & capsicum",558,Medium,Cheese Burst
216,Kadhai Paneer,Veg Pizza,"Paneer chunks in your favourite spicy kadhai masala flavors, with toppings of onion & capsicum",499,Medium,Fresh Pan Pizza
217,Kadhai Paneer,Veg Pizza,"Paneer chunks in your favourite spicy kadhai masala flavors, with toppings of onion & capsicum",249,Regular,New Hand Tossed
218,Kadhai Paneer,Veg Pizza,"Paneer chunks in your favourite spicy kadhai masala flavors, with toppings of onion & capsicum",279,Regular,100% Wheat Thin Crust
219,Kadhai Paneer,Veg Pizza,"Paneer chunks in your favourite spicy kadhai masala flavors, with toppings of onion & capsicum",324,Regular,Cheese Burst
220,Kadhai Paneer,Veg Pizza,"Paneer chunks in your favourite spicy kadhai masala flavors, with toppings of onion & capsicum",279,Regular,Fresh Pan Pizza
221,Spiced Double Chicken,Non-Veg Pizza,Delightful combination of our spicy duo- Pepper Barbecue Chicken and Peri Peri Chicken for Chicken Lovers.,759,Large,New Hand Tossed
222,Spiced Double Chicken,Non-Veg Pizza,Delightful combination of our spicy duo- Pepper Barbecue Chicken and Peri Peri Chicken for Chicken Lovers.,519,Medium,New Hand Tossed
223,Spiced Double Chicken,Non-Veg Pizza,Delightful combination of our spicy duo- Pepper Barbecue Chicken and Peri Peri Chicken for Chicken Lovers.,569,Medium,100% Wheat Thin Crust
224,Spiced Double Chicken,Non-Veg Pizza,Delightful combination of our spicy duo- Pepper Barbecue Chicken and Peri Peri Chicken for Chicken Lovers.,618,Medium,Cheese Burst
225,Spiced Double Chicken,Non-Veg Pizza,Delightful combination of our spicy duo- Pepper Barbecue Chicken and Peri Peri Chicken for Chicken Lovers.,559,Medium,Fresh Pan Pizza
226,Spiced Double Chicken,Non-Veg Pizza,Delightful combination of our spicy duo- Pepper Barbecue Chicken and Peri Peri Chicken for Chicken Lovers.,289,Regular,New Hand Tossed
227,Spiced Double Chicken,Non-Veg Pizza,Delightful combination of our spicy duo- Pepper Barbecue Chicken and Peri Peri Chicken for Chicken Lovers.,319,Regular,100% Wheat Thin Crust
228,Spiced Double Chicken,Non-Veg Pizza,Delightful combination of our spicy duo- Pepper Barbecue Chicken and Peri Peri Chicken for Chicken Lovers.,364,Regular,Cheese Burst
229,Spiced Double Chicken,Non-Veg Pizza,Delightful combination of our spicy duo- Pepper Barbecue Chicken and Peri Peri Chicken for Chicken Lovers.,319,Regular,Fresh Pan Pizza
230,Chicken Maximus,Non-Veg Pizza,"Loaded to the Max with Chicken Tikka, Chicken Keema, Chicken Sausage and a double dose of grilled Chicken Rashers.",909,Large,New Hand Tossed
231,Chicken Maximus,Non-Veg Pizza,"Loaded to the Max with Chicken Tikka, Chicken Keema, Chicken Sausage and a double dose of grilled Chicken Rashers.",619,Medium,New Hand Tossed
232,Chicken Maximus,Non-Veg Pizza,"Loaded to the Max with Chicken Tikka, Chicken Keema, Chicken Sausage and a double dose of grilled Chicken Rashers.",669,Medium,100% Wheat Thin Crust
233,Chicken Maximus,Non-Veg Pizza,"Loaded to the Max with Chicken Tikka, Chicken Keema, Chicken Sausage and a double dose of grilled Chicken Rashers.",718,Medium,Cheese Burst
234,Chicken Maximus,Non-Veg Pizza,"Loaded to the Max with Chicken Tikka, Chicken Keema, Chicken Sausage and a double dose of grilled Chicken Rashers.",659,Medium,Fresh Pan Pizza
235,Chicken Maximus,Non-Veg Pizza,"Loaded to the Max with Chicken Tikka, Chicken Keema, Chicken Sausage and a double dose of grilled Chicken Rashers.",349,Regular,New Hand Tossed
236,Chicken Maximus,Non-Veg Pizza,"Loaded to the Max with Chicken Tikka, Chicken Keema, Chicken Sausage and a double dose of grilled Chicken Rashers.",379,Regular,100% Wheat Thin Crust
237,Chicken Maximus,Non-Veg Pizza,"Loaded to the Max with Chicken Tikka, Chicken Keema, Chicken Sausage and a double dose of grilled Chicken Rashers.",424,Regular,Cheese Burst
238,Chicken Maximus,Non-Veg Pizza,"Loaded to the Max with Chicken Tikka, Chicken Keema, Chicken Sausage and a double dose of grilled Chicken Rashers.",379,Regular,Fresh Pan Pizza
239,The 5 Chicken Feast Pizza,Non-Veg Pizza,"Loaded with 5 different Chicken toppings - grilled Chicken Rashers, Chicken Meatballs, Chicken Tikka, herby Chicken Sausage and flavorful Chicken Keema",969,Large,New Hand Tossed
240,The 5 Chicken Feast Pizza,Non-Veg Pizza,"Loaded with 5 different Chicken toppings - grilled Chicken Rashers, Chicken Meatballs, Chicken Tikka, herby Chicken Sausage and flavorful Chicken Keema",659,Medium,New Hand Tossed
241,The 5 Chicken Feast Pizza,Non-Veg Pizza,"Loaded with 5 different Chicken toppings - grilled Chicken Rashers, Chicken Meatballs, Chicken Tikka, herby Chicken Sausage and flavorful Chicken Keema",709,Medium,100% Wheat Thin Crust
242,The 5 Chicken Feast Pizza,Non-Veg Pizza,"Loaded with 5 different Chicken toppings - grilled Chicken Rashers, Chicken Meatballs, Chicken Tikka, herby Chicken Sausage and flavorful Chicken Keema",758,Medium,Cheese Burst
243,The 5 Chicken Feast Pizza,Non-Veg Pizza,"Loaded with 5 different Chicken toppings - grilled Chicken Rashers, Chicken Meatballs, Chicken Tikka, herby Chicken Sausage and flavorful Chicken Keema",699,Medium,Fresh Pan Pizza
244,The 5 Chicken Feast Pizza,Non-Veg Pizza,"Loaded with 5 different Chicken toppings - grilled Chicken Rashers, Chicken Meatballs, Chicken Tikka, herby Chicken Sausage and flavorful Chicken Keema",369,Regular,New Hand Tossed
245,The 5 Chicken Feast Pizza,Non-Veg Pizza,"Loaded with 5 different Chicken toppings - grilled Chicken Rashers, Chicken Meatballs, Chicken Tikka, herby Chicken Sausage and flavorful Chicken Keema",399,Regular,100% Wheat Thin Crust
246,The 5 Chicken Feast Pizza,Non-Veg Pizza,"Loaded with 5 different Chicken toppings - grilled Chicken Rashers, Chicken Meatballs, Chicken Tikka, herby Chicken Sausage and flavorful Chicken Keema",444,Regular,Cheese Burst
247,The 5 Chicken Feast Pizza,Non-Veg Pizza,"Loaded with 5 different Chicken toppings - grilled Chicken Rashers, Chicken Meatballs, Chicken Tikka, herby Chicken Sausage and flavorful Chicken Keema",399,Regular,Fresh Pan Pizza
248,Indo Fusion Chicken Pizza,Non-Veg Pizza,"Relish the fusion of your favorite chicken toppings -  Peri Peri Chicken, Chicken Pepperoni, Chicken Tikka, Pepper Barbecue Chicken and Chicken Meatballs",969,Large,New Hand Tossed
249,Indo Fusion Chicken Pizza,Non-Veg Pizza,"Relish the fusion of your favorite chicken toppings -  Peri Peri Chicken, Chicken Pepperoni, Chicken Tikka, Pepper Barbecue Chicken and Chicken Meatballs",659,Medium,New Hand Tossed
250,Indo Fusion Chicken Pizza,Non-Veg Pizza,"Relish the fusion of your favorite chicken toppings -  Peri Peri Chicken, Chicken Pepperoni, Chicken Tikka, Pepper Barbecue Chicken and Chicken Meatballs",709,Medium,100% Wheat Thin Crust
251,Indo Fusion Chicken Pizza,Non-Veg Pizza,"Relish the fusion of your favorite chicken toppings -  Peri Peri Chicken, Chicken Pepperoni, Chicken Tikka, Pepper Barbecue Chicken and Chicken Meatballs",758,Medium,Cheese Burst
252,Indo Fusion Chicken Pizza,Non-Veg Pizza,"Relish the fusion of your favorite chicken toppings -  Peri Peri Chicken, Chicken Pepperoni, Chicken Tikka, Pepper Barbecue Chicken and Chicken Meatballs",699,Medium,Fresh Pan Pizza
253,Indo Fusion Chicken Pizza,Non-Veg Pizza,"Relish the fusion of your favorite chicken toppings -  Peri Peri Chicken, Chicken Pepperoni, Chicken Tikka, Pepper Barbecue Chicken and Chicken Meatballs",369,Regular,New Hand Tossed
254,Indo Fusion Chicken Pizza,Non-Veg Pizza,"Relish the fusion of your favorite chicken toppings -  Peri Peri Chicken, Chicken Pepperoni, Chicken Tikka, Pepper Barbecue Chicken and Chicken Meatballs",399,Regular,100% Wheat Thin Crust
255,Indo Fusion Chicken Pizza,Non-Veg Pizza,"Relish the fusion of your favorite chicken toppings -  Peri Peri Chicken, Chicken Pepperoni, Chicken Tikka, Pepper Barbecue Chicken and Chicken Meatballs",444,Regular,Cheese Burst
256,Indo Fusion Chicken Pizza,Non-Veg Pizza,"Relish the fusion of your favorite chicken toppings -  Peri Peri Chicken, Chicken Pepperoni, Chicken Tikka, Pepper Barbecue Chicken and Chicken Meatballs",399,Regular,Fresh Pan Pizza
257,Chicken Dominator,Non-Veg Pizza,"Loaded with double pepper barbecue chicken, peri-peri chicken, chicken tikka & grilled chicken rashers",839,Large,New Hand Tossed
258,Chicken Dominator,Non-Veg Pizza,"Loaded with double pepper barbecue chicken, peri-peri chicken, chicken tikka & grilled chicken rashers",579,Medium,New Hand Tossed
259,Chicken Dominator,Non-Veg Pizza,"Loaded with double pepper barbecue chicken, peri-peri chicken, chicken tikka & grilled chicken rashers",629,Medium,100% Wheat Thin Crust
260,Chicken Dominator,Non-Veg Pizza,"Loaded with double pepper barbecue chicken, peri-peri chicken, chicken tikka & grilled chicken rashers",678,Medium,Cheese Burst
261,Chicken Dominator,Non-Veg Pizza,"Loaded with double pepper barbecue chicken, peri-peri chicken, chicken tikka & grilled chicken rashers",619,Medium,Fresh Pan Pizza
262,Chicken Dominator,Non-Veg Pizza,"Loaded with double pepper barbecue chicken, peri-peri chicken, chicken tikka & grilled chicken rashers",319,Regular,New Hand Tossed
263,Chicken Dominator,Non-Veg Pizza,"Loaded with double pepper barbecue chicken, peri-peri chicken, chicken tikka & grilled chicken rashers",349,Regular,100% Wheat Thin Crust
264,Chicken Dominator,Non-Veg Pizza,"Loaded with double pepper barbecue chicken, peri-peri chicken, chicken tikka & grilled chicken rashers",394,Regular,Cheese Burst
265,Chicken Dominator,Non-Veg Pizza,"Loaded with double pepper barbecue chicken, peri-peri chicken, chicken tikka & grilled chicken rashers",349,Regular,Fresh Pan Pizza
266,Chicken Golden Delight,Non-Veg Pizza,"Double pepper barbecue chicken, golden corn and extra cheese, true delight",699,Large,New Hand Tossed
267,Chicken Golden Delight,Non-Veg Pizza,"Double pepper barbecue chicken, golden corn and extra cheese, true delight",459,Medium,New Hand Tossed
268,Chicken Golden Delight,Non-Veg Pizza,"Double pepper barbecue chicken, golden corn and extra cheese, true delight",509,Medium,100% Wheat Thin Crust
269,Chicken Golden Delight,Non-Veg Pizza,"Double pepper barbecue chicken, golden corn and extra cheese, true delight",558,Medium,Cheese Burst
270,Chicken Golden Delight,Non-Veg Pizza,"Double pepper barbecue chicken, golden corn and extra cheese, true delight",499,Medium,Fresh Pan Pizza
271,Chicken Golden Delight,Non-Veg Pizza,"Double pepper barbecue chicken, golden corn and extra cheese, true delight",249,Regular,New Hand Tossed
272,Chicken Golden Delight,Non-Veg Pizza,"Double pepper barbecue chicken, golden corn and extra cheese, true delight",279,Regular,100% Wheat Thin Crust
273,Chicken Golden Delight,Non-Veg Pizza,"Double pepper barbecue chicken, golden corn and extra cheese, true delight",324,Regular,Cheese Burst
274,Chicken Golden Delight,Non-Veg Pizza,"Double pepper barbecue chicken, golden corn and extra cheese, true delight",279,Regular,Fresh Pan Pizza
275,Chicken Pepperoni,Non-Veg Pizza,"A classic American taste! Relish the delectable flavor of Chicken Pepperoni, topped with extra cheese",839,Large,New Hand Tossed
276,Chicken Pepperoni,Non-Veg Pizza,"A classic American taste! Relish the delectable flavor of Chicken Pepperoni, topped with extra cheese",579,Medium,New Hand Tossed
277,Chicken Pepperoni,Non-Veg Pizza,"A classic American taste! Relish the delectable flavor of Chicken Pepperoni, topped with extra cheese",629,Medium,100% Wheat Thin Crust
278,Chicken Pepperoni,Non-Veg Pizza,"A classic American taste! Relish the delectable flavor of Chicken Pepperoni, topped with extra cheese",678,Medium,Cheese Burst
279,Chicken Pepperoni,Non-Veg Pizza,"A classic American taste! Relish the delectable flavor of Chicken Pepperoni, topped with extra cheese",619,Medium,Fresh Pan Pizza
280,Chicken Pepperoni,Non-Veg Pizza,"A classic American taste! Relish the delectable flavor of Chicken Pepperoni, topped with extra cheese",319,Regular,New Hand Tossed
281,Chicken Pepperoni,Non-Veg Pizza,"A classic American taste! Relish the delectable flavor of Chicken Pepperoni, topped with extra cheese",349,Regular,100% Wheat Thin Crust
282,Chicken Pepperoni,Non-Veg Pizza,"A classic American taste! Relish the delectable flavor of Chicken Pepperoni, topped with extra cheese",394,Regular,Cheese Burst
283,Chicken Pepperoni,Non-Veg Pizza,"A classic American taste! Relish the delectable flavor of Chicken Pepperoni, topped with extra cheese",349,Regular,Fresh Pan Pizza
284,Non Veg Supreme,Non-Veg Pizza,"Supreme combination of black olives, onion, capsicum, grilled mushroom, pepper barbecue chicken, peri-peri chicken & grilled chicken rashers",839,Large,New Hand Tossed
285,Non Veg Supreme,Non-Veg Pizza,"Supreme combination of black olives, onion, capsicum, grilled mushroom, pepper barbecue chicken, peri-peri chicken & grilled chicken rashers",579,Medium,New Hand Tossed
286,Non Veg Supreme,Non-Veg Pizza,"Supreme combination of black olives, onion, capsicum, grilled mushroom, pepper barbecue chicken, peri-peri chicken & grilled chicken rashers",629,Medium,100% Wheat Thin Crust
287,Non Veg Supreme,Non-Veg Pizza,"Supreme combination of black olives, onion, capsicum, grilled mushroom, pepper barbecue chicken, peri-peri chicken & grilled chicken rashers",678,Medium,Cheese Burst
288,Non Veg Supreme,Non-Veg Pizza,"Supreme combination of black olives, onion, capsicum, grilled mushroom, pepper barbecue chicken, peri-peri chicken & grilled chicken rashers",619,Medium,Fresh Pan Pizza
289,Non Veg Supreme,Non-Veg Pizza,"Supreme combination of black olives, onion, capsicum, grilled mushroom, pepper barbecue chicken, peri-peri chicken & grilled chicken rashers",319,Regular,New Hand Tossed
290,Non Veg Supreme,Non-Veg Pizza,"Supreme combination of black olives, onion, capsicum, grilled mushroom, pepper barbecue chicken, peri-peri chicken & grilled chicken rashers",349,Regular,100% Wheat Thin Crust
291,Non Veg Supreme,Non-Veg Pizza,"Supreme combination of black olives, onion, capsicum, grilled mushroom, pepper barbecue chicken, peri-peri chicken & grilled chicken rashers",394,Regular,Cheese Burst
292,Non Veg Supreme,Non-Veg Pizza,"Supreme combination of black olives, onion, capsicum, grilled mushroom, pepper barbecue chicken, peri-peri chicken & grilled chicken rashers",349,Regular,Fresh Pan Pizza
293,Chicken Fiesta,Non-Veg Pizza,"Grilled chicken rashers, peri-peri chicken, onion & capsicum, a complete fiesta",699,Large,New Hand Tossed
294,Chicken Fiesta,Non-Veg Pizza,"Grilled chicken rashers, peri-peri chicken, onion & capsicum, a complete fiesta",459,Medium,New Hand Tossed
295,Chicken Fiesta,Non-Veg Pizza,"Grilled chicken rashers, peri-peri chicken, onion & capsicum, a complete fiesta",509,Medium,100% Wheat Thin Crust
296,Chicken Fiesta,Non-Veg Pizza,"Grilled chicken rashers, peri-peri chicken, onion & capsicum, a complete fiesta",558,Medium,Cheese Burst
297,Chicken Fiesta,Non-Veg Pizza,"Grilled chicken rashers, peri-peri chicken, onion & capsicum, a complete fiesta",499,Medium,Fresh Pan Pizza
298,Chicken Fiesta,Non-Veg Pizza,"Grilled chicken rashers, peri-peri chicken, onion & capsicum, a complete fiesta",249,Regular,New Hand Tossed
299,Chicken Fiesta,Non-Veg Pizza,"Grilled chicken rashers, peri-peri chicken, onion & capsicum, a complete fiesta",279,Regular,100% Wheat Thin Crust
300,Chicken Fiesta,Non-Veg Pizza,"Grilled chicken rashers, peri-peri chicken, onion & capsicum, a complete fiesta",324,Regular,Cheese Burst
301,Chicken Fiesta,Non-Veg Pizza,"Grilled chicken rashers, peri-peri chicken, onion & capsicum, a complete fiesta",279,Regular,Fresh Pan Pizza
302,Pepper Barbecue Chicken,Non-Veg Pizza,Pepper barbecue chicken for that extra zing,599,Large,New Hand Tossed
303,Pepper Barbecue Chicken,Non-Veg Pizza,Pepper barbecue chicken for that extra zing,399,Medium,New Hand Tossed
304,Pepper Barbecue Chicken,Non-Veg Pizza,Pepper barbecue chicken for that extra zing,449,Medium,100% Wheat Thin Crust
305,Pepper Barbecue Chicken,Non-Veg Pizza,Pepper barbecue chicken for that extra zing,498,Medium,Cheese Burst
306,Pepper Barbecue Chicken,Non-Veg Pizza,Pepper barbecue chicken for that extra zing,439,Medium,Fresh Pan Pizza
307,Pepper Barbecue Chicken,Non-Veg Pizza,Pepper barbecue chicken for that extra zing,229,Regular,New Hand Tossed
308,Pepper Barbecue Chicken,Non-Veg Pizza,Pepper barbecue chicken for that extra zing,259,Regular,100% Wheat Thin Crust
309,Pepper Barbecue Chicken,Non-Veg Pizza,Pepper barbecue chicken for that extra zing,304,Regular,Cheese Burst
310,Pepper Barbecue Chicken,Non-Veg Pizza,Pepper barbecue chicken for that extra zing,259,Regular,Fresh Pan Pizza
311,Chicken Sausage,Non-Veg Pizza,"American classic! Spicy, herbed chicken sausage on pizza",539,Large,New Hand Tossed
312,Chicken Sausage,Non-Veg Pizza,"American classic! Spicy, herbed chicken sausage on pizza",339,Medium,New Hand Tossed
313,Chicken Sausage,Non-Veg Pizza,"American classic! Spicy, herbed chicken sausage on pizza",389,Medium,100% Wheat Thin Crust
314,Chicken Sausage,Non-Veg Pizza,"American classic! Spicy, herbed chicken sausage on pizza",438,Medium,Cheese Burst
315,Chicken Sausage,Non-Veg Pizza,"American classic! Spicy, herbed chicken sausage on pizza",379,Medium,Fresh Pan Pizza
316,Chicken Sausage,Non-Veg Pizza,"American classic! Spicy, herbed chicken sausage on pizza",189,Regular,New Hand Tossed
317,Chicken Sausage,Non-Veg Pizza,"American classic! Spicy, herbed chicken sausage on pizza",219,Regular,100% Wheat Thin Crust
318,Chicken Sausage,Non-Veg Pizza,"American classic! Spicy, herbed chicken sausage on pizza",264,Regular,Cheese Burst
319,Chicken Sausage,Non-Veg Pizza,"American classic! Spicy, herbed chicken sausage on pizza",219,Regular,Fresh Pan Pizza
320,Pepper Barbecue & Onion,Non-Veg Pizza,A classic favourite with pepper barbeque chicken & onion,599,Large,New Hand Tossed
321,Pepper Barbecue & Onion,Non-Veg Pizza,A classic favourite with pepper barbeque chicken & onion,399,Medium,New Hand Tossed
322,Pepper Barbecue & Onion,Non-Veg Pizza,A classic favourite with pepper barbeque chicken & onion,449,Medium,100% Wheat Thin Crust
323,Pepper Barbecue & Onion,Non-Veg Pizza,A classic favourite with pepper barbeque chicken & onion,498,Medium,Cheese Burst
324,Pepper Barbecue & Onion,Non-Veg Pizza,A classic favourite with pepper barbeque chicken & onion,439,Medium,Fresh Pan Pizza
325,Pepper Barbecue & Onion,Non-Veg Pizza,A classic favourite with pepper barbeque chicken & onion,229,Regular,New Hand Tossed
326,Pepper Barbecue & Onion,Non-Veg Pizza,A classic favourite with pepper barbeque chicken & onion,259,Regular,100% Wheat Thin Crust
327,Pepper Barbecue & Onion,Non-Veg Pizza,A classic favourite with pepper barbeque chicken & onion,304,Regular,Cheese Burst
328,Pepper Barbecue & Onion,Non-Veg Pizza,A classic favourite with pepper barbeque chicken & onion,259,Regular,Fresh Pan Pizza
329,Indi Chicken Tikka,Non-Veg Pizza,"The wholesome flavour of tandoori masala with Chicken tikka, onion, red paprika & mint mayo",839,Large,New Hand Tossed
330,Indi Chicken Tikka,Non-Veg Pizza,"The wholesome flavour of tandoori masala with Chicken tikka, onion, red paprika & mint mayo",579,Medium,New Hand Tossed
331,Indi Chicken Tikka,Non-Veg Pizza,"The wholesome flavour of tandoori masala with Chicken tikka, onion, red paprika & mint mayo",629,Medium,100% Wheat Thin Crust
332,Indi Chicken Tikka,Non-Veg Pizza,"The wholesome flavour of tandoori masala with Chicken tikka, onion, red paprika & mint mayo",678,Medium,Cheese Burst
333,Indi Chicken Tikka,Non-Veg Pizza,"The wholesome flavour of tandoori masala with Chicken tikka, onion, red paprika & mint mayo",619,Medium,Fresh Pan Pizza
334,Indi Chicken Tikka,Non-Veg Pizza,"The wholesome flavour of tandoori masala with Chicken tikka, onion, red paprika & mint mayo",319,Regular,New Hand Tossed
335,Indi Chicken Tikka,Non-Veg Pizza,"The wholesome flavour of tandoori masala with Chicken tikka, onion, red paprika & mint mayo",349,Regular,100% Wheat Thin Crust
336,Indi Chicken Tikka,Non-Veg Pizza,"The wholesome flavour of tandoori masala with Chicken tikka, onion, red paprika & mint mayo",394,Regular,Cheese Burst
337,Indi Chicken Tikka,Non-Veg Pizza,"The wholesome flavour of tandoori masala with Chicken tikka, onion, red paprika & mint mayo",349,Regular,Fresh Pan Pizza
338,Spiced Double Chicken,Chicken Lovers Pizza,Delightful combination of our spicy duo- Pepper Barbecue Chicken and Peri Peri Chicken for Chicken Lovers.,759,Large,New Hand Tossed
339,Spiced Double Chicken,Chicken Lovers Pizza,Delightful combination of our spicy duo- Pepper Barbecue Chicken and Peri Peri Chicken for Chicken Lovers.,519,Medium,New Hand Tossed
340,Spiced Double Chicken,Chicken Lovers Pizza,Delightful combination of our spicy duo- Pepper Barbecue Chicken and Peri Peri Chicken for Chicken Lovers.,569,Medium,100% Wheat Thin Crust
341,Spiced Double Chicken,Chicken Lovers Pizza,Delightful combination of our spicy duo- Pepper Barbecue Chicken and Peri Peri Chicken for Chicken Lovers.,618,Medium,Cheese Burst
342,Spiced Double Chicken,Chicken Lovers Pizza,Delightful combination of our spicy duo- Pepper Barbecue Chicken and Peri Peri Chicken for Chicken Lovers.,559,Medium,Fresh Pan Pizza
343,Spiced Double Chicken,Chicken Lovers Pizza,Delightful combination of our spicy duo- Pepper Barbecue Chicken and Peri Peri Chicken for Chicken Lovers.,289,Regular,New Hand Tossed
344,Spiced Double Chicken,Chicken Lovers Pizza,Delightful combination of our spicy duo- Pepper Barbecue Chicken and Peri Peri Chicken for Chicken Lovers.,319,Regular,100% Wheat Thin Crust
345,Spiced Double Chicken,Chicken Lovers Pizza,Delightful combination of our spicy duo- Pepper Barbecue Chicken and Peri Peri Chicken for Chicken Lovers.,364,Regular,Cheese Burst
346,Spiced Double Chicken,Chicken Lovers Pizza,Delightful combination of our spicy duo- Pepper Barbecue Chicken and Peri Peri Chicken for Chicken Lovers.,319,Regular,Fresh Pan Pizza
347,Chicken Maximus,Chicken Lovers Pizza,"Loaded to the Max with Chicken Tikka, Chicken Keema, Chicken Sausage and a double dose of grilled Chicken Rashers.",909,Large,New Hand Tossed
348,Chicken Maximus,Chicken Lovers Pizza,"Loaded to the Max with Chicken Tikka, Chicken Keema, Chicken Sausage and a double dose of grilled Chicken Rashers.",619,Medium,New Hand Tossed
349,Chicken Maximus,Chicken Lovers Pizza,"Loaded to the Max with Chicken Tikka, Chicken Keema, Chicken Sausage and a double dose of grilled Chicken Rashers.",669,Medium,100% Wheat Thin Crust
350,Chicken Maximus,Chicken Lovers Pizza,"Loaded to the Max with Chicken Tikka, Chicken Keema, Chicken Sausage and a double dose of grilled Chicken Rashers.",718,Medium,Cheese Burst
351,Chicken Maximus,Chicken Lovers Pizza,"Loaded to the Max with Chicken Tikka, Chicken Keema, Chicken Sausage and a double dose of grilled Chicken Rashers.",659,Medium,Fresh Pan Pizza
352,Chicken Maximus,Chicken Lovers Pizza,"Loaded to the Max with Chicken Tikka, Chicken Keema, Chicken Sausage and a double dose of grilled Chicken Rashers.",349,Regular,New Hand Tossed
353,Chicken Maximus,Chicken Lovers Pizza,"Loaded to the Max with Chicken Tikka, Chicken Keema, Chicken Sausage and a double dose of grilled Chicken Rashers.",379,Regular,100% Wheat Thin Crust
354,Chicken Maximus,Chicken Lovers Pizza,"Loaded to the Max with Chicken Tikka, Chicken Keema, Chicken Sausage and a double dose of grilled Chicken Rashers.",424,Regular,Cheese Burst
355,Chicken Maximus,Chicken Lovers Pizza,"Loaded to the Max with Chicken Tikka, Chicken Keema, Chicken Sausage and a double dose of grilled Chicken Rashers.",379,Regular,Fresh Pan Pizza
356,The 5 Chicken Feast Pizza,Chicken Lovers Pizza,"Loaded with 5 different Chicken toppings - grilled Chicken Rashers, Chicken Meatballs, Chicken Tikka, herby Chicken Sausage and flavorful Chicken Keema",969,Large,New Hand Tossed
357,The 5 Chicken Feast Pizza,Chicken Lovers Pizza,"Loaded with 5 different Chicken toppings - grilled Chicken Rashers, Chicken Meatballs, Chicken Tikka, herby Chicken Sausage and flavorful Chicken Keema",659,Medium,New Hand Tossed
358,The 5 Chicken Feast Pizza,Chicken Lovers Pizza,"Loaded with 5 different Chicken toppings - grilled Chicken Rashers, Chicken Meatballs, Chicken Tikka, herby Chicken Sausage and flavorful Chicken Keema",709,Medium,100% Wheat Thin Crust
359,The 5 Chicken Feast Pizza,Chicken Lovers Pizza,"Loaded with 5 different Chicken toppings - grilled Chicken Rashers, Chicken Meatballs, Chicken Tikka, herby Chicken Sausage and flavorful Chicken Keema",758,Medium,Cheese Burst
360,The 5 Chicken Feast Pizza,Chicken Lovers Pizza,"Loaded with 5 different Chicken toppings - grilled Chicken Rashers, Chicken Meatballs, Chicken Tikka, herby Chicken Sausage and flavorful Chicken Keema",699,Medium,Fresh Pan Pizza
361,The 5 Chicken Feast Pizza,Chicken Lovers Pizza,"Loaded with 5 different Chicken toppings - grilled Chicken Rashers, Chicken Meatballs, Chicken Tikka, herby Chicken Sausage and flavorful Chicken Keema",369,Regular,New Hand Tossed
362,The 5 Chicken Feast Pizza,Chicken Lovers Pizza,"Loaded with 5 different Chicken toppings - grilled Chicken Rashers, Chicken Meatballs, Chicken Tikka, herby Chicken Sausage and flavorful Chicken Keema",399,Regular,100% Wheat Thin Crust
363,The 5 Chicken Feast Pizza,Chicken Lovers Pizza,"Loaded with 5 different Chicken toppings - grilled Chicken Rashers, Chicken Meatballs, Chicken Tikka, herby Chicken Sausage and flavorful Chicken Keema",444,Regular,Cheese Burst
364,The 5 Chicken Feast Pizza,Chicken Lovers Pizza,"Loaded with 5 different Chicken toppings - grilled Chicken Rashers, Chicken Meatballs, Chicken Tikka, herby Chicken Sausage and flavorful Chicken Keema",399,Regular,Fresh Pan Pizza
365,Indo Fusion Chicken Pizza,Chicken Lovers Pizza,"Relish the fusion of your favorite chicken toppings -  Peri Peri Chicken, Chicken Pepperoni, Chicken Tikka, Pepper Barbecue Chicken and Chicken Meatballs",969,Large,New Hand Tossed
366,Indo Fusion Chicken Pizza,Chicken Lovers Pizza,"Relish the fusion of your favorite chicken toppings -  Peri Peri Chicken, Chicken Pepperoni, Chicken Tikka, Pepper Barbecue Chicken and Chicken Meatballs",659,Medium,New Hand Tossed
367,Indo Fusion Chicken Pizza,Chicken Lovers Pizza,"Relish the fusion of your favorite chicken toppings -  Peri Peri Chicken, Chicken Pepperoni, Chicken Tikka, Pepper Barbecue Chicken and Chicken Meatballs",709,Medium,100% Wheat Thin Crust
368,Indo Fusion Chicken Pizza,Chicken Lovers Pizza,"Relish the fusion of your favorite chicken toppings -  Peri Peri Chicken, Chicken Pepperoni, Chicken Tikka, Pepper Barbecue Chicken and Chicken Meatballs",758,Medium,Cheese Burst
369,Indo Fusion Chicken Pizza,Chicken Lovers Pizza,"Relish the fusion of your favorite chicken toppings -  Peri Peri Chicken, Chicken Pepperoni, Chicken Tikka, Pepper Barbecue Chicken and Chicken Meatballs",699,Medium,Fresh Pan Pizza
370,Indo Fusion Chicken Pizza,Chicken Lovers Pizza,"Relish the fusion of your favorite chicken toppings -  Peri Peri Chicken, Chicken Pepperoni, Chicken Tikka, Pepper Barbecue Chicken and Chicken Meatballs",369,Regular,New Hand Tossed
371,Indo Fusion Chicken Pizza,Chicken Lovers Pizza,"Relish the fusion of your favorite chicken toppings -  Peri Peri Chicken, Chicken Pepperoni, Chicken Tikka, Pepper Barbecue Chicken and Chicken Meatballs",399,Regular,100% Wheat Thin Crust
372,Indo Fusion Chicken Pizza,Chicken Lovers Pizza,"Relish the fusion of your favorite chicken toppings -  Peri Peri Chicken, Chicken Pepperoni, Chicken Tikka, Pepper Barbecue Chicken and Chicken Meatballs",444,Regular,Cheese Burst
373,Indo Fusion Chicken Pizza,Chicken Lovers Pizza,"Relish the fusion of your favorite chicken toppings -  Peri Peri Chicken, Chicken Pepperoni, Chicken Tikka, Pepper Barbecue Chicken and Chicken Meatballs",399,Regular,Fresh Pan Pizza
374,Onion Buddy Combo,Meals & Combos,Onion Pizza Mania + Pepsi PET,105,N/A,N/A
375,Onion Buddy Combo,Meals & Combos,Pizza Mania Capsicum Pizza Mania + Pepsi PET,121,N/A,N/A
376,Onion Buddy Combo,Meals & Combos,Golden Corn Pizza Mania + Pepsi PET,129,N/A,N/A
377,Onion Buddy Combo,Meals & Combos,Paneer Onion Pizza Mania + Pepsi PET,141,N/A,N/A
378,Onion Buddy Combo,Meals & Combos,Chessy Pizza Mania + Pepsi PET,143,N/A,N/A
379,Onion Buddy Combo,Meals & Combos,Chicken Sausage Pizza Mania + Pepsi PET,141,N/A,N/A
380,Onion Buddy Combo,Meals & Combos,Pepper Barbecue Chicken Pizza Mania + Pepsi PET,157,N/A,N/A
381,Onion Buddy Combo,Meals & Combos,Tomato Pizza Mania + Pepsi PET,99,N/A,N/A
382,Onion Buddy Combo,Meals & Combos,Loaded VG Pizza Mania + Pepsi PET,187,N/A,N/A
383,Onion Buddy Combo,Meals & Combos,Loaded Non VG Pizza Mania + Pepsi PET,207,N/A,N/A
384,Loaded Veg Buddy Combo,Meals & Combos,Loaded VG Pizza Mania + Mountain Dew Ice PET,191,N/A,N/A
385,Loaded Veg Buddy Combo,Meals & Combos,Loaded Non VG Pizza Mania + Mountain Dew Ice PET,211,N/A,N/A
386,Work from Home Veg Treat,Meals & Combos,Reg Cheese & Corn Pizza + Pepsi,199,N/A,N/A
387,Work from Home Non Veg Treat,Meals & Combos,Reg Chicken Sausage Pizza + Pepsi,219,N/A,N/A
388,Movie Marathons Specials (Veg),Meals & Combos,Reg Fresh Veggie Pizza + Garlic Bread + Pepsi,295,N/A,N/A
389,Movie Marathons Specials (N. Veg),Meals & Combos,Reg Pepper BBQ Chicken Pizza + Garlic Bread + Pepsi,335,N/A,N/A
390,Unthinkable Combo,Meals & Combos,Reg Unthinkable Pizza + Pepsi Black Can,269,N/A,N/A
391,Unthinkable Special Combo,Meals & Combos,Reg Unthinkable Pizza + Garlic Bread + Pepsi Black Can,369,N/A,N/A
392,Family Treat Veg Meals,Meals & Combos,Med Farmhouse Pizza + Garlic Bread + Pepsi,485,N/A,N/A
393,Family Treat Paneer Meals,Meals & Combos,Med Peppy Paneer Pizza + Garlic Bread + Pepsi,485,N/A,N/A
394,Family Treat Non Veg Meals,Meals & Combos,Med Pepper BBQ Chicken Pizza + Garlic Bread + Pepsi,545,N/A,N/A
395,Pasta Pizza Family Treat (Veg),Meals & Combos,Med Creamy Tomato Pasta Pizza + Garlic Bread + Pepsi,503,N/A,N/A
396,Stay at Home Family Special (Veg),Meals & Combos,2 Med Pizzas(Farmhouse + Peppy Paneer) + 2(Garlic Bread + Pepsi),899,N/A,N/A
397,Family House Party  Veg Value Combo,Meals & Combos,Large Fresh Veggie Pizza + Garlic Bread + 4 Brownie Fantasy + 2 Pepsi,899,N/A,N/A
398,Family House Party  Non Veg Value Combo,Meals & Combos,Large Pepper BBQ Chicken Pizza + Garlic Bread + 4 Brownie Fantasy + 2 Pepsi,959,N/A,N/A
399,Family House Party  Non Veg Deluxe Combo,Meals & Combos,Large Chicken Golden Delight Pizza + 2 Garlic Bread + 4 Choco lava cake + 2 Pepsi,1299,N/A,N/A
400,Family House Party  Non Veg Premium Combo,Meals & Combos,Large Non Veg Supreme Pizza + 2 Stuffed Garlic Bread + 4 Choco lava cake + 2 Pepsi,1507,N/A,N/A
401,Family House Party  Veg Deluxe Combo,Meals & Combos,Large Veg Extravaganza Pizza + 2 Garlic Bread + 4 Choco lava cake + 2 Pepsi,1299,N/A,N/A
402,Everyday Value 2 Reg Veg Deluxe Combo,Meals & Combos,2 Reg Pizzas (Farmhouse + Veg Extravaganza),429,N/A,N/A
403,Pizza & Juice Partnership - Kids Combo (Meal for 1),Meals & Combos,Reg Double Cheese Margherita + B Natural Alphonsos from Ratnagiri,229,N/A,N/A
404,Pizza & Juice Partnership - Paneer Spl Combo (Meal for 1),Meals & Combos,Reg Peppy Paneer + B Natural Mixed Fruit from Himalayas,269,N/A,N/A
405,Pizza & Juice Partnership - Veg Combo (Meal for 1),Meals & Combos,Reg Farmhouse + B Natural Pink Guavas from Dakshin India,269,N/A,N/A
406,Pizza & Juice Partnership - Non-Veg Combo (Meal for 1),Meals & Combos,Med Pepper Barbeque Chicken + Garlic Bread + B Natural Pink Guavas from Dakshin India + B Natural Mixed Fruit from Himalayas,579,N/A,N/A
407,Pizza & Juice Partnership - Paneer Spl Comb (Meal for 2),Meals & Combos,Med Peppy Paneer + Garlic Bread + B Natural Pink Guavas from Dakshin India + B Natural Mixed Fruit from Himalayas,569,N/A,N/A
408,Pizza & Juice Partnership - Thin Crust Lovers Combo (Meal for 2),Meals & Combos,Med Thin Crust Veg Paradise + Garlic Bread + B Natural Mixed Fruit from Himalayas,559,N/A,N/A
409,Everyday Value 2 Reg Classic Paneer Combo,Meals & Combos,2 Reg Pizzas (Peppy Paneer + Indi Tandoori Paneer),429,N/A,N/A
410,Everyday Value 2 Reg Classic Mix Combo,Meals & Combos,2 Reg Pizzas (Pepper Barbecue and Onion + Farmhouse),409,N/A,N/A
411,Everyday Value 2 Med Deluxe Paneer Combo,Meals & Combos,2 Med Pizzas (Peppy Paneer + Indi Tandoori Paneer),769,N/A,N/A
412,Everyday Value 2 Med Classic Mix Combo,Meals & Combos,Extra Innings '2 Med' Classic Mix Combo 2 Med Pizzas (Pepper Barbecue and Onion + Farmhouse),719,N/A,N/A
413,Ultimate Cheese Burst Deluxe Combo (Veg),Meals & Combos,Medium Farmhouse Cheese Burst Pizza + Choco Lava Cake + Garlic Bread,689,N/A,N/A
414,Ultimate Cheese Burst Premium Combo (Veg),Meals & Combos,Medium Veg Extravaganza Cheese Burst Pizza + Choco Lava Cake + Garlic Bread,745,N/A,N/A
415,Ultimate Cheese Burst Premium Combo (N Veg),Meals & Combos,Medium Chicken Dominator Cheese Burst Pizza + Choco Lava Cake + Garlic Bread,865,N/A,N/A
416,Ultimate Cheese Burst Deluxe Combo (N Veg),Meals & Combos,Medium Pepper BBQ Chicken Cheese Burst Pizza + Choco Lava Cake + Garlic Bread,689,N/A,N/A
417,Everyday Value 2 Reg N.Veg Deluxe Combo,Meals & Combos,2 Reg Pizzas (Pepper BBQ & onion + Chicken Golden Delight),429,N/A,N/A
418,Everyday Value 2 Reg Veg Premium Combo,Meals & Combos,2 Reg Pizzas (Deluxe Veggie + Veg Extravaganza),449,N/A,N/A
419,Everyday Value 2 Reg N.Veg Premium Combo,Meals & Combos,2 Reg Pizzas (Chicken Golden Delight + Chicken Fiesta),449,N/A,N/A
420,Everyday Value 2 Med Veg Combo,Meals & Combos,2 Med Pizzas (Farmhouse + Peppy Paneer),719,N/A,N/A
421,Everyday Value 2 Med N. Veg Combo,Meals & Combos,2 Med Pizzas (Pepper BBQ & Onion),719,N/A,N/A
422,Everyday Value 2 Med Veg Deluxe Combo,Meals & Combos,2 Med Pizzas (Farmhouse + Veg Extravaganza),769,N/A,N/A
423,Everyday Value 2 Med N.Veg Deluxe Combo,Meals & Combos,2 Med Pizzas (Pepper BBQ & Onion + Chicken Fiesta),769,N/A,N/A
424,Everyday Value 2 Med Veg Premium Combo,Meals & Combos,2 Med Pizzas (Deluxe Veggie + Veg Extravaganza),819,N/A,N/A
425,Everyday Value 2 Med N.Veg Premium Combo,Meals & Combos,2 Med Pizzas (Chicken Golden Delight + Chicken Fiesta),819,N/A,N/A
426,Non Veg Loaded,Pizza Mania,"Chicken sausage, pepper barbecue chicken & peri-peri chicken in a fresh pan crust",165,Regular,Fresh Pan Pizza
427,Veg Loaded,Pizza Mania,"Tomato, Jalapeno, Corn, Grilled Mushroom & crushed Aranchini Patty in a fresh pan crust",145,Regular,Fresh Pan Pizza
428,Pepper Barbecue Chicken,Pizza Mania,Pepper barbecue chicken for that extra zing,145,Regular,Fresh Pan Pizza
429,Pepper Barbecue Chicken,Pizza Mania,Pepper barbecue chicken for that extra zing,115,Regular,Classic Hand Tossed
430,Paneer & Onion,Pizza Mania,Creamy Paneer & Onion,129,Regular,Fresh Pan Pizza
431,Paneer & Onion,Pizza Mania,Creamy Paneer & Onion,99,Regular,Classic Hand Tossed
432,Cheesy,Pizza Mania,"Cheese lovers paradise, loaded with mozzarella, cheddar & gouda cheese",129,Regular,Fresh Pan Pizza
433,Cheesy,Pizza Mania,"Cheese lovers paradise, loaded with mozzarella, cheddar & gouda cheese",99,Regular,Classic Hand Tossed
434,Chicken Sausage,Pizza Mania,"American classic! Spicy, herbed chicken sausage on pizza",129,Regular,Fresh Pan Pizza
435,Chicken Sausage,Pizza Mania,"American classic! Spicy, herbed chicken sausage on pizza",99,Regular,Classic Hand Tossed
436,Golden Corn,Pizza Mania,Sweet & juicy golden corn for that lipsmacking taste,115,Regular,Fresh Pan Pizza
437,Golden Corn,Pizza Mania,Sweet & juicy golden corn for that lipsmacking taste,85,Regular,Classic Hand Tossed
438,Capsicum,Pizza Mania,Fresh & crisp capsicum for the perfect crunch in pizza,109,Regular,Fresh Pan Pizza
439,Capsicum,Pizza Mania,Fresh & crisp capsicum for the perfect crunch in pizza,79,Regular,Classic Hand Tossed
440,Onion,Pizza Mania,Crunchy onion on a cheesy base. The pizza mania classic,95,Regular,Fresh Pan Pizza
441,Onion,Pizza Mania,Crunchy onion on a cheesy base. The pizza mania classic,65,Regular,Classic Hand Tossed
442,Tomato,Pizza Mania,Juicy tomato in a flavourful combination with cheese & tangy sauce,89,Regular,Fresh Pan Pizza
443,Tomato,Pizza Mania,Juicy tomato in a flavourful combination with cheese & tangy sauce,59,Regular,Classic Hand Tossed
444,Peppy Chicken Nuggets,Speciality Chicken,Oven baked soft tender boneless nuggets sprinkled with peri peri seasoning,139,N/A,N/A
445,Moroccan Spice Chicken Chunks,Speciality Chicken,Soft juicy chicken pieces coated with spicy harissa sauce and sprinkled with basil parsley,149,N/A,N/A
446,Cheesy Meatballs,Speciality Chicken,Cheesy delicious chicken meatballs coated with a layer of spicy tangy sauces and exotic toppings,119,N/A,N/A
447,Paneer Tikka Stuffed Garlic Bread,Sides,"Freshly Baked Stuffed Garlic Bread with Cheese, Onion and Paneer Tikka fillings. Comes with a dash of Basil Parsley Sprinkle on top",159,N/A,N/A
448,Chicken Pepperoni Stuffed Garlic Bread,Sides,"Freshly Baked Garlic Bread stuffed with Delectable Chicken Pepperoni, Cheese and sprinkled with Basil Parsley",159,N/A,N/A
449,Garlic Breadsticks,Sides,Baked to perfection. Your perfect pizza partner! Tastes best with dip,99,N/A,N/A
450,Cheesy Jalapeno Dip,Sides,"A spicy, tangy flavored cheese dip is a an absolute delight with your favourite Garlic Breadsticks & Stuffed Garlic Bread",29,N/A,N/A
451,Cheesy Dip,Sides,An all-time favorite with your Garlic Breadsticks & Stuffed Garlic Bread for a Cheesy indulgence,29,N/A,N/A
452,Choco Lava Cake,Sides,"Chocolate lovers delight! Indulgent, gooey molten lava inside chocolate cake",99,N/A,N/A
453,Butterscotch Mousse Cake,Sides,Sweet temptation! Butterscotch flavored mousse,99,N/A,N/A
454,Taco Mexicana Veg,Sides,Truly irresistible! Crispy taco with veg patty & creamy harissa sauce,129,N/A,N/A
455,Veg Parcel,Sides,Snacky bites! Pizza rolls with paneer & creamy harissa sauce,39,N/A,N/A
456,Classic Stuffed Garlic Bread,Sides,"Freshly baked garlic bread with cheese, juicy corn & tangy jalapeno",149,N/A,N/A
457,Tomato Ketchup,Sides,Goodness of Tomato Ketchup in mini sachets,1,N/A,N/A
458,Potato Cheese Shots,Sides,"Crisp and golden outside, flavorful burst of cheese, potato & spice inside",69,N/A,N/A
459,Crunchy Strips,Sides,Oven baked wheat thin crispies with peri peri seasoning & cheesy jalapeno dip,59,N/A,N/A
460,Crinkle Fries,Sides,Crispy wavy masala coated fries served with a spicy tomato chilli sauce,59,N/A,N/A
461,Brownie Fantasy,Sides,Sweet Temptation! Hot Chocolate Brownie drizzled with chocolate fudge sauce,59,N/A,N/A
462,Creamy Tomato Pasta Veg,Sides,"Instant Fusilli Pasta, Creamy Culinary Dressing, Onion, Olive, Green Capsicum, Parsley sprinkle",129,N/A,N/A
463,Cheesy Jalapeno Pasta Veg,Sides,"Instant Fusilli Pasta, Cheesy Jalapeno Sauce, Onion, Jalapeno, Parsley sprinkle",129,N/A,N/A
464,Tikka Masala Pasta Veg,Sides,"Instant Fusilli Pasta, Spicy Red dressing, Onion, Paneer Tikka, Parsley sprinkle",129,N/A,N/A
465,Moroccan Spice Pasta Veg,Sides,"Instant Fusilli Pasta, Harissa Sauce, Onion, Mushroom, Olives, Parsley sprinkle",129,N/A,N/A
466,Creamy Tomato Pasta Non Veg,Sides,"Instant Fusilli Pasta, Creamy Culinary Dressing, Onion, Olives, BBQ Pepper Chicken, Parsley sprinkle",139,N/A,N/A
467,Cheesy Jalapeno Pasta Non Veg,Sides,"Instant Fusilli Pasta, Cheesy Jalapeno Sauce, Onion, Jalapeno, BBQ Pepper Chicken, Parsley sprinkle",139,N/A,N/A
468,Tikka Masala Pasta Non Veg,Sides,"Instant Fusilli Pasta, Spicy Red dressing, Onion, Chicken Tikka, Parsley sprinkle",139,N/A,N/A
469,Moroccan Spice Pasta Non Veg,Sides,"Instant Fusilli Pasta, Harissa Sauce, Onion, Olives, Meatballs, Parsley sprinkle",149,N/A,N/A
470,Pepsi (500ml),Beverages,Sparkling and Refreshing Beverage,60,N/A,N/A
471,7Up (500ml),Beverages,Refreshing clear drink with a natural lemon flavor,60,N/A,N/A
472,Pepsi (350 ml),Beverages,Sparkling and Refreshing Beverage,65,N/A,N/A
473,Mirinda (500ml),Beverages,Delicious Orange Flavoured beverage,60,N/A,N/A
474,Slice (350ml),Beverages,Great Mango Taste,50,N/A,N/A
475,B Natural Alphonsos from Ratnagiri (300 ml),Beverages,Alphonsos only from Ratnagiri with the Goodness of Fiber,70,N/A,N/A
476,B Natural Pink Guavas from Dakshin India (300 ml),Beverages,Pulpy Pink Guavas with the Goodness of Fiber,70,N/A,N/A
477,B Natural Mixed Fruit from Himalayas (300 ml),Beverages,Premium fruits from Himalayas with the Goodness of Fiber,70,N/A,N/A
478,Bailley One (500ml),Beverages,Packaged Drinking Water,20,N/A,N/A
479,Nimbooz ( 350ml ),Beverages,Nimbooz ( 350ml ),60,N/A,N/A
480,Lipton Ice Tea ( 350 ml),Beverages,"Refreshment Sahi, Gas Nahi",60,N/A,N/A
481,Choco Lava Cake,Desserts,"Chocolate lovers delight! Indulgent, gooey molten lava inside chocolate cake",99,N/A,N/A
482,Butterscotch Mousse Cake,Desserts,Sweet temptation! Butterscotch flavored mousse,99,N/A,N/A
483,Brownie Fantasy,Desserts,Sweet Temptation! Hot Chocolate Brownie drizzled with chocolate fudge sauce,59,N/A,N/A
